,sentence,neu_list,pos_list,neg_list
0,как дела,0.5775054097175598,0.0,0.0
1,вы кефир пачему не кушаете не любите,0.5156299471855164,0.0,0.21207880973815918
2,если в расходную накладную забить дури и выкурить то получится приходный документ,0.8903042674064636,0.0,0.19194278120994568
3,покажись в шапке,0.9969346523284912,0.0,0.0
4,давай не будем об этом,0.9908843636512756,0.0,0.014967083930969238
5,препарат для лечения сильно понижает давление что порекомендуете,0.287777841091156,0.3923468291759491,0.0
6,мужчина если ты занюхиваешь волосами соседки то какой аромат предпочитаешь,0.6723417043685913,0.0,0.0
7,можете ли вы с ходу отличить японских фигуристов от китайских без представления,0.585111141204834,0.0,0.1824355274438858
8,как стать наемником,0.8962613940238953,0.0,0.03733688220381737
9,слышала что есть крем от шрамов кто знает скажите пожалуйста название и поможет ли он от шрамов которым лет дцать,0.9263137578964233,0.0,0.04604391008615494
10,я тоже чуть бессонница бывает зато утром сплю до  а потом ленюсь весь день,0.0,0.46102678775787354,0.0
11,подскажите сайт игр где можно скачать хорошие игры и без всяких файлообмеников чтоб скачивать прямо с сайта,0.9740526676177979,0.0,0.0
12,что делать если у котенка не отпадает пупок,0.7371681928634644,0.0,0.0
13,ребята подскажите можно ли с современной китайской альфы дельты и прочих мопедов поставить габариты на мотоцикл минск,0.8840492963790894,0.0,0.0
14,как быть если полнота не позволяет быть легкой и стремительной,0.8175845146179199,0.0,0.12253321707248688
15,да  ладно отлично,0.0,0.9808859825134277,0.010662510991096497
16,мужики если вы будете абсолютно точно знать что женщины любят когда их обманывают и насильно заставляют,0.4225146472454071,0.0,0.2509227991104126
17,почему украинцы иногда называют русских ордынцами,0.0,0.13661839067935944,0.754925012588501
18,и у тебя месячные,0.7248802781105042,0.0695517510175705,0.0
19,нарисуем что то,0.9994215965270996,0.0,0.0
20,villmont тебя курицы заклевали,0.9481645226478577,0.0,0.05034062638878822
21,а что вы делаете во время оргазма,0.41490885615348816,0.0,0.3276783227920532
22,что делать если мол человек соврал про свой возраст,0.9896818399429321,0.0,0.11921291798353195
23,приятного вам вечера котятки,0.38492217659950256,0.14415885508060455,0.0
24,как вы считаете дружиский секс это нормально,0.6654205918312073,0.0,0.0
25,если у мужчины уже не вставляется писька что он делает,0.7431780099868774,0.0,0.0
26,чем вы запиваете и закусываете водку чем водка лучше виски,0.3923468291759491,0.0,0.0
27,как можно любить идеального человека за что,0.5078218579292297,0.546748161315918,0.0
28,тебе бы понравилось если парень пригласил тебя в дельфинарий чтоб поплавать с дельфинами,0.7826725244522095,0.0,0.0
29,как доказать что ты умный,0.5000100135803223,0.0,0.16886694729328156
30,я родился в москве,0.3415925204753876,0.6297846436500549,0.0
31,ой это где такое,0.9433575868606567,0.11921291798353195,0.0
32,foxysamhain вот тут голосищепрямух,0.9879562258720398,0.0,0.0
33,ф прятки с кем поиграть кушать охота,0.7663036584854126,0.0,0.0
34,любовь с первого взгляда-вам верится в такое,0.38492217659950256,0.38492217659950256,0.0
35,ты ничего не понимаешь,0.41490885615348816,0.0,0.538993239402771
36,я болен тобой что это значит как вы думаете,0.6442351341247559,0.0,0.21207880973815918
37,кто такие язычники и кто другие,0.9981998205184937,0.0229873675853014,0.0
38,о чем можно разговаривать с обьевшимся мужчиной,0.6992644667625427,0.056662432849407196,0.0
39,украинские каналы фотошоп разгоняют вовсю,0.6584275364875793,0.0,0.607673168182373
40,у вас видик остался или выкинули уже на помойку,0.8933194279670715,0.0,0.3629792034626007
41,прошел  с двух ног как только вышел на мсиай титане,0.6791887283325195,0.0,0.0
42,что для вас наивысшее счастье,0.027595279738307,0.9679093360900879,0.0
43,зачем тебе  доллар,0.9496793746948242,0.0,0.0
44,можно считать онанизм за измену,0.9715740084648132,0.0,0.10088862478733063
45,ты можешь задрать свою юбку,0.26285186409950256,0.0,0.0
46,шма рыбалка,0.9937201142311096,0.0,0.0
47,длинные волосы это красиво,0.6370407938957214,0.38492217659950256,0.0
48,в чем вам удобнее в юбке или брюках,0.8439050912857056,0.08270734548568726,0.0
49,давай поговорим обо мне,0.9344051480293274,0.06755668669939041,0.0
50,какие няшные вещи можно подарить ребенку,0.26285186409950256,0.839743971824646,0.0
51,чем отличается голый человек от обнаженного,0.11597072333097458,0.8175845146179199,0.0
52,вы верите в эффективность гомеопатии как к ней относитесь,0.9669240117073059,0.0,0.13297423720359802
53,это наследственный признак женскую хитрость и гибкость как ее развить,0.0,0.14034625887870789,0.7122421860694885
54,а пора бы спать,0.9362950325012207,0.0,0.0
55,и я маленький гномик см,0.0,0.5312193632125854,0.0
56,а что нужно делать на нервной почве,0.9553291201591492,0.0,0.12253321707248688
57,на чем задержится ваш взгляд если вы посмотрите на собеседника,0.9802908897399902,0.0,0.0
58,существует ли таблица по возрасту как часто надо заниматься сексом чтобы не истощать мужской организм,0.9124462008476257,0.0,0.20182321965694427
59,это ад что для вас это состояние,0.8634016513824463,0.0,0.33459946513175964
60,что лучше беговая дорожка эллиптический тренажер или велотренажер или греблевый тренажер для любви,0.5544804334640503,0.0,0.1732981950044632
61,а если виски не пью,1.0000100135803223,0.0,0.0
62,сердючка вражеская нескрепная,0.38492217659950256,0.08757384121417999,0.0
63,в чем прикол тогда,0.8991314172744751,0.09269777685403824,0.0
64,как можно бросить курить,0.982567548751831,0.0,0.0
65,каких людей нужно забывать мгновенно,0.9241518378257751,0.0,0.06561483442783356
66,что мы с вами будем делать если попадем в окружение,0.9732507467269897,0.0,0.07586817443370819
67,да просто познакомиться,0.9921941161155701,0.0,0.08270734548568726
68,главное другу случайно не подари,0.6442351341247559,0.0,0.0
69,как тебя наказать если изменишь,0.9937201142311096,0.0,0.02596735954284668
70,женя,0.9284188151359558,0.0,0.0
71,а вам понравился аватар если да то чем,0.523430347442627,0.12253321707248688,0.0
72,что делает вас для других людей опасным человеком,0.6584275364875793,0.0,0.1259327530860901
73,как на территории одного авто устроить праздник,0.9099169969558716,0.0,0.08757384121417999
74,а кто первой,1.0000100135803223,0.0,0.0
75,как бороться со стрессом,0.9399233460426331,0.0,0.0
76,блять ,0.0,0.0,1.0000100135803223
77,нарисуй кроссы,0.9994742274284363,0.0,0.0
78,о чем умалчивает детектор лжи,0.9496793746948242,0.0,0.08036746829748154
79,на что вы играете дома в карты или шахматы,0.9871888160705566,0.0,0.05501529201865196
80,как это относиться к жизни по философски,0.9875783920288086,0.0,0.03515484184026718
81,ктото выводит денежный поток,0.19194278120994568,0.0,0.0
82, благодаря чему человек становится сильнее,0.14034625887870789,0.0,0.14034625887870789
83,почему любовь болезнь а никто не лечится,0.14415885508060455,0.0,0.9073222279548645
84,подскажите молитву обряд чтоб не пересекаться не видеть нежелательного человека никогда,0.960371196269989,0.0,0.032110705971717834
85,как правильно бегать за женщинами задрав штаны или приспустив или как,0.6513648629188538,0.0,0.16452647745609283
86,ну не нравиться не ешь,0.8840492963790894,0.0,0.07808816432952881
87,потому что не даешь ему отдохнуть,0.0,0.0,0.9241518378257751
88,через какое время после бракосочетания женщина превращается в химеру,0.7879412174224854,0.0,0.0
89,как вы думаете в каких случаях необходимо задавать вопросы себе,0.9626831412315369,0.0,0.2814156115055084
90,что для вас значит быть счастливым,0.538993239402771,0.21207880973815918,0.0
91,ребят кто бы хотел со мной поболтать по агенту скучно так кошмар,0.2568419873714447,0.0,0.0
92,хай как ты,0.032110705971717834,0.0,0.0
93,по каким причинам нечистая сила может вселиться в человека,0.8670457601547241,0.0,0.0
94,как можно завязать повязку из наруто есть те кто ходят в ней по городу на вас не смотрят косо,0.8031837940216064,0.22816647589206696,0.0
95,https:youtubekdlxaqgaya,0.9732507467269897,0.0,0.0
96,вам нравится что вами не больны,0.44553956389427185,0.0,0.13297423720359802
97,подскажите где в москве можно сделать хорошее портфолио ребенку и сколько стоит,0.9124462008476257,0.11921291798353195,0.0
98,а ты чего еще не спишь calixxxto,0.9362950325012207,0.0,0.0
99,сисьадмин,0.7773098945617676,0.0,0.0
100,если мужчина расстался с девушкой зачем продолжаются звонки,0.44553956389427185,0.0,0.0
101,то что у вас сейчас в левой руке как называется,0.9073222279548645,0.0,0.0
102,саранча мигрирует на большие расстояния и усы у нее толще и короче,0.5078218579292297,0.0,0.2509227991104126
103,пустят ли на борт самолета со старинными монетами,0.9450047016143799,0.0,0.051855459809303284
104,подскажите какой прогой можно отключать питание у определенного usb порта,0.9924327731132507,0.0,0.07370626926422119
105,что значит подруга решила попробовать поцелуй со своим другом,0.754925012588501,0.0,0.0
106,девушки почему вы стервянеете когда к вам относятся как к людям,0.6370407938957214,0.0,0.4921981394290924
107,а на сколько реально вы хотите завести любовницу ка всем вопрос или все только довольствуются надеждой,0.7981967926025391,0.0,0.08510905504226685
108,в каком возрасте от вас ушла ваша молодость,0.6442351341247559,0.0,0.07370626926422119
109,может ли нервный стресс усугубить пневмонию или это вообще никак не связано,0.6654205918312073,0.0,0.7310686111450195
110,у тебя ж тоже выборы были единая россия ну как всегда а ты за кого голосовал,0.538993239402771,0.0,0.2814156115055084
111,игра уличных музыкантов это приобщение людей к искусству или скрытая форма попрошайничества или что еще,0.9219318628311157,0.0,0.11921291798353195
112,что такое бу диски с играми,0.9814634323120117,0.0,0.0
113,можно ли доверить личное путеводителю,0.7606606483459473,0.08270734548568726,0.0
114,на сколько близко подпустишь к себе человека которому ты интересен,0.8558611869812012,0.22271016240119934,0.0
115,что такое псориаз как он проявляется как лечить,0.6654205918312073,0.0,0.1824355274438858
116,посоветуйте какое-нибудь блюдо чтобы было соленым и нежирным,0.9481645226478577,0.0,0.0980893224477768
117,аллергия на тополиный пух что делать этот пух уже достал дышать тяжело нос забит слабость,0.15611489117145538,0.0,0.8634016513824463
118,ооо дувуй,0.0,0.0,0.07808816432952881
119,ну эт уже не важно у меня есть подруга веган есть фемка вот лесби нет еще,0.6513648629188538,0.1824355274438858,0.0
120,а что такое любовь,0.4765896201133728,0.6723417043685913,0.0
121,а ты чего вздыхаешь так тяжело,0.7606606483459473,0.0,0.0
122,есть ли жизнь после брака,0.9324633479118347,0.038476187735795975,0.0
123,нажми чтобы найти песню,0.9808859825134277,0.0,0.0
124,ну его молодняк слушает,0.22271016240119934,0.4843900501728058,0.0
125,что ты хранишь очень бережно,0.16027602553367615,0.5698626637458801,0.0
126,творец хорошего настроения вы сами или вам помогают,0.11280541121959686,0.0,0.13297423720359802
127,ахахахахаах,0.0,1.0000100135803223,0.0
128,чем отличаются марксизм и марксизм-ленинизм,0.5078218579292297,0.0,0.22271016240119934
129,зеленый лысый пацан разве женщина ,0.7931159734725952,0.0,0.0
130,я просто прокачивал клан а потом альянс на  человек в сложной геополитической обстановке лол,0.6791887283325195,0.0980893224477768,0.0
131,propose,0.9965265989303589,0.0019367348868399858,0.0
132,какими танцами лутчше заниматься,0.607673168182373,0.0,0.0
133,какой стиль музыки вы предпочитаете объясните почему и какая по вашему музыка будующего,0.8175845146179199,0.0,0.08270734548568726
134,а живу я в городе а вы,0.46102678775787354,0.0,0.0
135,вот если очень очень хочется то все веть можно да и диатеза можно не боятся,0.4301573634147644,0.0,0.16452647745609283
136,умеренный лейкоареоз что это,0.7248802781105042,0.0,0.08036746829748154
137,как бы уснуть,0.1520422399044037,0.0,0.4378334879875183
138,какими народными средствами можно избавиться от грибка на ступнях,0.38492217659950256,0.0,0.18714269995689392
139,что в вашем понимании жизнь,0.9399233460426331,0.11597072333097458,0.0
140,у людей всегда есть основания своей требовательности,0.9149109721183777,0.0,0.0
141,вы радуетесь тому чего у вас нет,0.6442351341247559,0.0,0.0
142,спать хочу,0.30736804008483887,0.04743587225675583,0.0
143,как часто надо менять стартеры к уф лампам,0.9896818399429321,0.0,0.1259327530860901
144,как правильно разбавлять спирт -воду в спирт или наоборот чтоб градус не ушел,0.5775054097175598,0.0,0.40734341740608215
145,ты веришь в хромотерапиюлечение светом и цветом,0.9099169969558716,0.19194278120994568,0.0
146,какой чай вы любите,0.9802908897399902,0.0,0.053413331508636475
147,как быть когда видишь что ты неприятен человеку,0.8311530351638794,0.18714269995689392,0.0
148,мне тоже я легла часов в пять утра,0.0,0.0,0.4225146472454071
149,почему бог не лечит панические атаки,0.2814156115055084,0.0,0.7879412174224854
150,мировоззрение мужа зависит от жены,0.8903042674064636,0.0,0.18714269995689392
151,какое блюдо с шиитаке самое вкусное из китайской кухни,0.09269777685403824,0.3007555902004242,0.0
152,как стать самым счастливым,0.040855713188648224,0.38492217659950256,0.0
153,а чего у вас больше желаний или возможностей,0.9466066956520081,0.0,0.0
154,вы бы хотели жить в ссср,0.9046605229377747,0.0,0.3140605390071869
155,как называется программа в которой наводишь на текст камерой и она его переводит,0.6791887283325195,0.0,0.14034625887870789
156,прочитала мастер и маргариту какие у вас версии о чем книга что хотел сказать автор,0.8439050912857056,0.0,0.0
157,вот вотно! многих это пугает такие походу и спят в плащах,0.6584275364875793,0.0,0.0
158,что такое салидарность,0.4921981394290924,0.0,0.22816647589206696
159,с чего начать,1.0000100135803223,0.0,0.001108730910345912
160,maxflexkakoito кстати роцк,0.6150978803634644,0.0,0.0
161,как вы думаете ссср был тюрьмой для народов или нет или тюрьма для народов это западные калонии,0.5078218579292297,0.0,0.7057950496673584
162,можно ли сделать поддельную карту прививок в другом городе,0.8311530351638794,0.0,0.06372499465942383
163,а как вы относитесь к цыганам,0.9046605229377747,0.0,0.0
164,прибухнул бы и норм,0.5078218579292297,0.0,0.0
165,как достичь совершенства,0.9511522054672241,0.0,0.05835584178566933
166,вы себя считаете каким человеком,0.7431780099868774,0.0,0.1520422399044037
167,куда вы бы побежали ка бы на вас бомбы повалились,0.6297846436500549,0.0,0.0
168,до каких пор женщины будут носить мини-юбки,0.59267657995224,0.0,0.0
169,что можно сделать с мороженой мексиканской смесью оч надо,0.9615437984466553,0.11280541121959686,0.0
170,что первичнее мысль или материя,0.9241518378257751,0.0,0.12253321707248688
171,тож ща пойду,0.9939124584197998,0.0,0.0
172,если сначала учится играть на обыкновенной гитаре то я потом смогу самостоятельно перейти на электрическую или нет,0.7122421860694885,0.1968362182378769,0.0
173,у меня на комаров аллергия и все,0.7310686111450195,0.0,0.1778208613395691
174,а почему мужчины жадные такие а щедрые бывают в красной книге,0.20182321965694427,0.22816647589206696,0.0
175,а почему вы молчите о своих грехах,0.44553956389427185,0.0,0.3557848632335663
176,а поточнее,0.9777238368988037,0.0,0.014513582922518253
177,могут ли маги иметь влажные ладони,0.5544804334640503,0.0,0.0
178,чет походу тут одни школьники собрались скока мона про школу,0.8519628047943115,0.0,0.0
179,с вертушечки ткскзт,0.8634016513824463,0.0695517510175705,0.0
180,а ты не долго ломался,0.7122421860694885,0.0,0.21207880973815918
181,можно ли обменять телефон,0.9947898983955383,0.0,0.01323282066732645
182,ну вот буквально нахуй послала меня,0.0,0.0,0.8221991658210754
183,только контора военкомата в аду,0.4921981394290924,0.0,0.1778208613395691
184,да нет же,0.9566442370414734,0.0,0.754925012588501
185,ты знаешь язык армянского народа,0.9073222279548645,0.0,0.0
186,как получить всеобщее одобрение,0.7122421860694885,0.24509501457214355,0.0
187,чего вам в жизни не хватает,0.839743971824646,0.0,0.3415925204753876
188,мы тебя тоже будем так называть,0.8991314172744751,0.0,0.053413331508636475
189,как твои дела там,0.4301573634147644,0.0,0.0
190,как вам мода на лосины,0.9990094900131226,0.0,0.007587242405861616
191,нажми чтобы найти песню,0.9808859825134277,0.0,0.0
192,родившись человеком довольно сложно жить по специальности,0.2568419873714447,0.2509227991104126,0.0
193,можно ли верить гадалкам,0.7879412174224854,0.0,0.12253321707248688
194,скрытность-это достоинство или порок,0.9511522054672241,0.0,0.44553956389427185
195,что делать если боишься летать,0.9855064153671265,0.0,0.0
196,но сейчас я хочу общаться именно с elezarasm,0.4225146472454071,0.5775054097175598,0.0
197,бескорыстного действия человек и любое другое существо не в состоянии совершить,0.6723417043685913,0.0,0.5000100135803223
198,как сделать чтобы тело было видно четко а сзади все как будто розмыто я знаю есть такое на дорогих фотоапаратах,0.7931159734725952,0.0,0.0
199,оказывают ли мысли какое-то влияние на нашу жизнь или это просто фантазии,0.7248802781105042,0.0,0.5156299471855164
200,ты даже ножки не кинула,0.46102678775787354,0.0,0.0
201,как вы отличаете любовь от влюбленности,0.09269777685403824,0.4378334879875183,0.0
202,почему галкин не стареет,0.3702353835105896,0.0,0.8774868249893188
203,а если тя трахнуть и тебе не понравится ты об этом скажешь напрямую или тупо рожу скривишь,0.23371636867523193,0.0,0.0
204,а вы тоже боитесь за границу ехать,0.9539760947227478,0.0,0.0
205,почему после второй рюмки не бывает некрасивых женщин или мужчин,0.4765896201133728,0.0,0.0
206,в каких ситуациях можна почувствовать адреналин,0.9362950325012207,0.0,0.0
207,как приобрести пневматический пистолет какие нужны документы,0.9525841474533081,0.0,0.11921291798353195
208,как удалить ненужную фотографию,0.9553291201591492,0.0,0.19194278120994568
209,что ты думаешь о науке,0.8354935646057129,0.0,0.0
210,так сколько шагов от любви до ненависти,0.15611489117145538,0.0,0.6654205918312073
211,у вас есть какая-нибудь собственная теория которой вы более менее постоянно придерживаетесь,0.8479777574539185,0.0,0.11597072333097458
212,какую валюту стоит покупать,0.9046605229377747,0.0,0.1732981950044632
213,ну фиг знает,0.3998216390609741,0.0,0.0
214,почему некоторых мужчин так волнует первенство своей женщины,0.46102678775787354,0.0,0.3007555902004242
215,и вам доброго,0.14034625887870789,0.0,0.0
216,сильный характер у женщины это награда или наказание,0.5621865391731262,0.0,0.0
217,это народная мудрость,0.5544804334640503,0.0,0.523430347442627
218,ну ладно сама разберешься,0.607673168182373,0.0,0.08270734548568726
219,мужчина с каких игр лучше всего начинать с тобой,0.287777841091156,0.0,0.0
220,почему глупые люди так любят обсуждать чейто ум,0.607673168182373,0.0,0.4921981394290924
221,от вас больше проблем или пользы,0.6859594583511353,0.0,0.29422497749328613
222,душнила а где шлюх,0.26285186409950256,0.0,0.771853506565094
223,а че ты таскаешь всегда с собой,0.6791887283325195,0.0,0.0
224,привет илюша !,0.0,0.0,0.0
225,где она,0.9994215965270996,0.002482622629031539,0.0
226,ущипнуть,0.8080772161483765,0.0,0.19194278120994568
227,если вас поторопить далеко убежите,0.9263137578964233,0.0,0.26285186409950256
228,что такое романтика по вашему мнению и что для вас романтично,0.8175845146179199,0.3557848632335663,0.0
229,pollihloby поля харе спать!!!,0.46102678775787354,0.0,0.0
230,почему не открывается почтовый ящик требует авторизации,0.8175845146179199,0.0,0.3557848632335663
231,в какие страны я могу поехать с водительским удостоверением нового образца,0.4688006341457367,0.26285186409950256,0.0
232,почему люди лишь в старости лет в здравом уме и хорошей памяти становятся духовно развитыми,0.0,0.0,0.4843900501728058
233,ничего интересного просто прошлые обиды дядьки в возрасте ведущего себя как подросток с юношеским максимализмом долбоебизмом в голове,0.18714269995689392,0.0,0.7490972280502319
234,ну да ты не знал что я кавказец и живу в дагестане,0.0,0.0,0.538993239402771
235,я люблю всякое соль гель и т д,0.0,0.287777841091156,0.0
236,какие овощи добавить в летний салат,0.8933194279670715,0.0,0.09269777685403824
237,куда бы вы хотели попасть но стесняетесь,0.3140605390071869,0.0,0.24509501457214355
238,ужас,0.8175845146179199,0.0,0.9963027834892273
239,расскажи что-нибудь,0.9987257122993469,0.0,0.0
240,так все таки кто бог мужчина или женщина,0.7122421860694885,0.0,0.0
241,что можно приготовить только из яиц,0.4225146472454071,0.30736804008483887,0.0
242,может ли от обезвоживания менятся окрас листьев,0.6297846436500549,0.15611489117145538,0.0
243,вовсе нету меня простая работакстати а кем ты трудишься,0.0,0.24509501457214355,0.41490885615348816
244,что чаще происходит в влюбленными радость или печаль,0.0,0.0,0.3923468291759491
245,а ну если я начну танцевать придется им стать,0.6859594583511353,0.0,0.0
246,вот зачем раньше женились если секса все равно не было,0.8175845146179199,0.0,0.0
247,не моя тема,0.9304682612419128,0.0,0.0
248,возможна ли третья мировая война,0.4378334879875183,0.0,0.0
249,ну типа пелща найду этот войс,0.4532718360424042,0.0,0.0
250,не то что некоторые,0.6297846436500549,0.0,0.5621865391731262
251,а когда др,0.7310686111450195,0.010662510991096497,0.0
252,что укрепляет силу духа,0.0,0.09535945951938629,0.0
253,подскажите подарок на новый год что можно подарить маме на новый год,0.8740872144699097,0.3775506913661957,0.0
254,расскажи что ты можешь делать,0.9841036200523376,0.0,0.0
255,правда ли что все жены командуют своими мужьями,0.3415925204753876,0.0,0.0
256,как флиртовать с парнями,0.8354935646057129,0.0,0.08270734548568726
257,как в интернете заработать реально,0.7663036584854126,0.09535945951938629,0.0
258,а это правда что раньше аэродромы были в сельских областных центрах и тп,0.6513648629188538,0.0,0.0
259,знаете почему бог не принимает славы от человеков,0.1778208613395691,0.0,0.41490885615348816
260,норм а что именно,0.9908843636512756,0.02369946800172329,0.0
261,как твое утро,0.09010298550128937,0.0,0.0
262,почему в отношениях один всегда любит больше,0.1732981950044632,0.0,0.348655104637146
263,а где это,0.9990700483322144,0.0,0.02596735954284668
264,аида да кстати тоже заметил неравнодушна к тебе,0.4378334879875183,0.0,0.0
265,почему блондинки считаються глупыми и кто это придумал,0.5312193632125854,0.0,0.3629792034626007
266,шо там ожила берлога  или все по старому ,0.4532718360424042,0.0,0.0
267,в этом особенность человека: на каждый вопрос давать десятки противоположных ответов и утверждать что каждый из них правилен,0.9073222279548645,0.0,0.0
268,ага занимается наверное фигурой,0.585111141204834,0.0,0.0
269,одинокие женщины одинокие мужчины так может им так хорошо чего вы достаете их зависть,0.0,0.0,0.4225146472454071
270,почему с меня берут налоги если меня нету в базе данных единого государственного реестра налогоплательщиков,0.538993239402771,0.0,0.3629792034626007
271,чувств,0.9947898983955383,0.0,0.0
272,а че мне пофиг,0.21207880973815918,0.0,0.0
273,если жена мужа за непослушание будет лупить скалкой до чего это доведет,0.7879412174224854,0.0,0.0
274,более половины земного шара голубого цвета а это с орентацией человечества не связано,0.9073222279548645,0.0,0.0
275,приветище! как оно,0.0,0.0,0.1097157895565033
276,а вы часто ездите на сэкономленном,0.9755869507789612,0.0,0.042097724974155426
277,что более ценно первая любовь или последняя,0.9381340146064758,0.4378334879875183,0.0
278,приходится ли вам напоминать мужу что зарплату нужно оставлять дома,0.9511522054672241,0.0,0.0
279,вопрос к девушкамженщинам а тут есть незамужние а что вы тут делаете,0.9149109721183777,0.0,0.0
280,где в москве можно поесть вкусные пельмени и вареники кафе рестораны,0.9579222798347473,0.21207880973815918,0.0
281,вы верете в ангелов,0.9706977605819702,0.0,0.0
282,меня не одолеет типичный манябоец нужно быть уровнем так на  посерьезнее,0.0,0.23371636867523193,0.4765896201133728
283,а у вас что,0.9971204400062561,0.0,0.0
284,а если в сейфе места не хватает куда складывать,0.9883227348327637,0.0,0.0
285,что значит бояться бога,0.9566442370414734,0.0,0.0
286,а что будет если не забирать заказ орифлейм штраф не платить подадут в суд и что,0.8311530351638794,0.0,0.4921981394290924
287,я про это и говорю ты жив остался,0.5698626637458801,0.0,0.3276783227920532
288,почему у одной правды так много разных точек зрения,0.7122421860694885,0.0,0.275139719247818
289,когда вам плохо на душе чем вы успокаиваетесь,0.4301573634147644,0.0,0.24509501457214355
290,а почему российские женщины несравненно лучше например китайских или французских в чем тут дело,0.6859594583511353,0.0,0.20182321965694427
291,где слушать музыку в интернете ,0.9883227348327637,0.053413331508636475,0.0
292,в чем заключается основная цель массового спорта,0.287777841091156,0.0,0.0
293,что можно продать что бы на вырученные деньги купить диплом,0.8670457601547241,0.07370626926422119,0.0
294,интересуешься,0.9994572401046753,0.03309597820043564,0.0
295,почему твердят кино богомол новые серии хотя идет полный повтор,0.771853506565094,0.0,0.22816647589206696
296,вы полагаете это будет носиться,0.9802908897399902,0.0,0.0
297,что будете делать если ветер порвет ваш парус,0.880807101726532,0.0,0.0
298,какие книги вы читаете,0.9972090721130371,0.0,0.0
299,я видел дедка на просторах ютуба так он залпом выпил  бутылки водки,0.41490885615348816,0.0,0.0
300,белая пачка с соком  маркетинговый ход,0.523430347442627,0.0,0.0
301,шаг переехать в норвегию,0.839743971824646,0.15611489117145538,0.0
302,могут ли пандиты стать миротворцами см внизу,0.7606606483459473,0.0,0.0
303,когда можно слышать стук собственного сердца,0.771853506565094,0.4921981394290924,0.0
304,как правильно заходить в метро,0.7879412174224854,0.0,0.0
305,вот и иди дрыхни,0.8670457601547241,0.0,0.06372499465942383
306,как избавиться от мошек которые появляются из-за комнатных растений,0.6224693655967712,0.0,0.1732981950044632
307,а вы что кушаете на завтрак,0.9659096002578735,0.0,0.0
308,ну штош пятница пьешь,0.0,0.0,0.14415885508060455
309,если парень метис есть русская китайская якутская кровь исповедует ислам то на девушке какой нации может жениться,0.8903042674064636,0.0,0.0
310,пусть прошлое останется в прошлом или,0.9770326614379883,0.0,0.20690405368804932
311,как же потомство,0.5544804334640503,0.0,0.5312193632125854
312,что есть знание,0.9969346523284912,0.0,0.0
313,правильно зачем побираться у нищих,0.9073222279548645,0.0,0.1520422399044037
314,примерхоть и не самый удачный,0.16027602553367615,0.40734341740608215,0.0
315,у всех нас есть такой сосед,0.33459946513175964,0.0,0.0
316,что делать если пачки денег снизу гнить начинают,0.7248802781105042,0.0,0.0
317,дамы и господа здравствуйте в сексе вы сомелье или банальные алкоголики,0.754925012588501,0.0,0.287777841091156
318,насколько полон ваш стакан,0.30736804008483887,0.0,0.0
319,у вас там тоже неожиданно подкралась зима,0.607673168182373,0.0,0.0
320,что такое врачебная дипломатия,0.20690405368804932,0.585111141204834,0.0
321,у какого хозяина предприятия лучше работать с точки зрения оплаты труда у скупого или щедрого,0.3276783227920532,0.0,0.26285186409950256
322,на какие виды лечения вы бы не согласились даже под страхом смерти,0.7931159734725952,0.0,0.287777841091156
323,мой дедушка,0.15611489117145538,0.0,0.0
324,почему считается что много думать вредно,0.3702353835105896,0.0,0.6992644667625427
325,какие комнатные растения обозначают любовь или талисман любви,0.7981967926025391,0.0,0.061885979026556015
326,в чем вы всегда проигрываете,0.9149109721183777,0.0,0.1067005917429924
327,какой марки ваш автомобиль и куда на нем ездите и храните где,0.9659096002578735,0.0,0.12253321707248688
328,как у вас дела,0.9173126816749573,0.0,0.0
329,здравствуйте,0.9173126816749573,0.0,0.0
330,как научиться не опаздывать,0.7371681928634644,0.0,0.546748161315918
331,какими языкми кроме php можно написать скрипт для голосования на сайте,0.960371196269989,0.0,0.0
332,чего в гч не сидите,0.9362950325012207,0.0,0.38492217659950256
333,я вот че спросить хотел девоньки вы с гипертониками не связываетесь,0.8519628047943115,0.0,0.21207880973815918
334,как часто вы покупаете косметику,0.5621865391731262,0.0,0.0
335,сколько часов в неделю работает учитель по рисованию какая у них нагруженность по часам,0.8221991658210754,0.0,0.2509227991104126
336,женщина вот ты понимаешь что отношения с мужчиной уже не приносят тебе радости что делать будешь,0.2509227991104126,0.0,0.0
337,какой талант вам спать мешает,0.7371681928634644,0.0,0.06561483442783356
338,кто такие некрофилы,0.9219318628311157,0.4225146472454071,0.0
339,как мне перестать бояться,0.812877357006073,0.13661839067935944,0.0
340,с такимито успехами,0.13297423720359802,0.0,0.0
341,ребят всем пока ! хорошего и приятного обьщения всем,0.0,0.348655104637146,0.0
342,если женщине навесить сережки с камешками то слушать она будет лучше,0.4921981394290924,0.0,0.0
343,украина,0.9496793746948242,0.0,0.01206377986818552
344,можно ли будучи замужем рассчитывать на долгосрочные отношения с мужчиной,0.538993239402771,0.0,0.08757384121417999
345,хотел те селфу скинуть но ты чот злая какаято,0.0,0.0,0.7371681928634644
346,нету образования вообще а работаю зам директора :,0.7490972280502319,0.0,0.23371636867523193
347,не трать время баны всей шайке сразу,0.4301573634147644,0.0,0.7248802781105042
348,почему у тебя нет другой одежды,0.8031837940216064,0.0,0.4225146472454071
349,что вы хотите дать человечеству а можете,0.9886782765388489,0.0,0.08270734548568726
350,так уж и быть,0.9960646033287048,0.0,0.0
351,середина полина сергеевна,0.7371681928634644,0.0,0.0
352,как писать заявление в трудовую инспекцию,0.5621865391731262,0.0,0.1824355274438858
353,нужны ли драйвера для микрофона меня не слышно в общем может что с настройками где посмотреть,0.7826725244522095,0.0,0.24509501457214355
354,а вы пишете письма в прошлое о чем они,0.9399233460426331,0.0,0.2814156115055084
355,всем привет а санки к зиме уже можно готовить или зимы не будет,0.26285186409950256,0.0,0.287777841091156
356,кстати да,0.538993239402771,0.348655104637146,0.0
357,а вы в каком полушарии живете,0.9591643214225769,0.0,0.0
358,секс и алкоголь,0.44553956389427185,0.0,0.0
359,какое наслаждение можно получать от игры,0.7057950496673584,0.3923468291759491,0.0
360,это глупо,0.9808859825134277,0.0,0.01283121295273304
361,куда катится мир и куда катиться россися,0.6723417043685913,0.0,0.0
362,у вас жарко,0.997894287109375,0.0,0.0
363,можно ли в ванной постелить линолиум полы изначально деревянные,0.754925012588501,0.2509227991104126,0.0
364,что вы читаете помимо ответовна ваши вопросы книги или журнальчики,0.993317186832428,0.0,0.0
365,самый жесткий фильм что я смотрел,0.6224693655967712,0.2509227991104126,0.0
366,когда мужчины научатся нас женщин понимать,0.38492217659950256,0.0,0.0
367,когда россия полностью перейдет электронные деньги,0.8519628047943115,0.0,0.16886694729328156
368,вы любите тишину,0.9615437984466553,0.0,0.0
369,как можно сохранить байкал,0.9324633479118347,0.0,0.0
370,а если до свадьбы не зажило что делать,0.3775506913661957,0.0,0.0
371,с подвыподвертом,0.9928885698318481,0.0,0.0
372,мальчики а вы любите сладких девочек,0.21734751760959625,0.13297423720359802,0.0
373,что вы больше любите водку и пиво или секс а почему,0.0,0.0,0.29422497749328613
374,уже говорил,0.9947898983955383,0.0,0.06009664759039879
375,uhm hey does anyone speak english around here,0.9715740084648132,0.14805719256401062,0.0
376,в будущем многие дети будут зачинаться и рости в пробирках и инкубаторах в лабораториях как вы считаете,0.7931159734725952,0.0,0.048867784440517426
377,точно не глушак,0.9928885698318481,0.0,0.0
378,что обозначает слово радость,0.0,0.8519628047943115,0.04469086229801178
379,ну очень даже неплохо ну,0.0,0.7981967926025391,0.8479777574539185
380,как создать второй мой мир,0.6370407938957214,0.14034625887870789,0.0
381,у вас авто в гараже или на улице всегда большинство ведь на улице хранит и не имеет гаражей,0.348655104637146,0.0,0.4301573634147644
382,утром по тв сюжет о моделях туда специально девушек с такими личиками берут чтобы от созерцания одежды не отвлекать,0.8267217874526978,0.0,0.1067005917429924
383,скажите адрес организации которая выдает коды оквэд или ссылку на сайт спасибо,0.7879412174224854,0.0,0.03022458776831627
384,как обьяснит котенку что собираемся его съесть,0.7879412174224854,0.0,0.0
385,тебе не нравится он,0.5000100135803223,0.06009664759039879,0.0
386,почему нам в конце всегда забивают я про анжи,0.4765896201133728,0.0,0.26285186409950256
387,а вам не кажется подозрительным что роботы торент-сайтов требуют доказать что мы не роботы,0.812877357006073,0.0,0.22816647589206696
388,зачем уверенным в своей внешности и красоте людям распространяться своими фотками везде,0.3923468291759491,0.0,0.0
389,противно смотреть на бедных студентов да,0.9241518378257751,0.0,0.1259327530860901
390,да анальной терапией,0.8840492963790894,0.0,0.08757384121417999
391,можно ли пророка найти в своем отечестве,0.7371681928634644,0.0980893224477768,0.0
392,и тихо в омут глянувнебрежно прикоснувшись в глубьмой дух застыл я будто пьяныйнадеюсь сон надеюсь я проснусья мимо зданий и прохожихмимо осенни лепестковмимо руин лесов заброшексебя найти так и не смогмне ангел прямо намекал о том что ноги нам врагино я не слушал и шагалпришел к обрыву сатаныне поднимается рука слова красиво рифмовать это не кризис а пустотадуша моя хочет дышатьдуша желает быть свободнойот злых и темных голосовведь когда постоянно больнодуша не чувствует любовь и снова белый город в тени застроеных домовмне нашептал и я все понялно оказалось это ложьи краем уха громкий хохот услышав я ушел бы прочьподаться некуда а был ли повод сбегать от мира подарившего восторги потеряв не золото не гору жалких денегпод дикий рев железного орлапронзает сердце мне свинцовый ветеря бьюсь с самим собою до конца,0.0,0.0,0.287777841091156
393,можно сделать рентген в любой клинике если военкомат направил в клинику по месту прописки,0.9344051480293274,0.08036746829748154,0.0
394,какие способности нужней для карьериста коммуникативные или организаторские,0.9697954058647156,0.0,0.04604391008615494
395,как же я рад видеть знакомые никнеймы,0.7310686111450195,0.7122421860694885,0.0
396,вам сложно любить себя и любите ли вы себя,0.46102678775787354,0.3007555902004242,0.0
397,а что ты можешь рассказать о себе,0.9466066956520081,0.0,0.0
398,что вы тут мои денежки,0.812877357006073,0.0,0.0
399,та я ведрами пью,0.9579222798347473,0.0,0.0
400,у нас снег,0.5000100135803223,0.0,0.0
401,труба дружба ,0.13661839067935944,0.0,0.0
402,привет киса,0.0,0.0,0.0
403,от чего вас тошнит в людях от каких качеств и много ли рядом таких людей от которых вас тошнит,0.3629792034626007,0.0,0.287777841091156
404,развод после лет брака какова вероятность новых отношений у девушки,0.5544804334640503,0.0,0.16886694729328156
405,что делать с неадекватным сотрудником неадекватность выражается в приступах агрессии нецензурной бранью и прочее,0.23935934901237488,0.0,0.4843900501728058
406,я тебе спою мишу шифутинского,0.33459946513175964,0.0,0.0
407,сейчас пойду на выборы так за кого голосовать то второй вопрос-если едро победит то все скажут что это подстроено,0.880807101726532,0.0,0.1520422399044037
408,зачем лгала ты и зачем мой слух уже не отличает лжи от правды,0.1520422399044037,0.0,0.771853506565094
409,можно ли забеременеть если трахнули мозг,0.0,0.0,0.29422497749328613
410,что делать если бог не помогает в исполнении мечты,0.880807101726532,0.0,0.05034062638878822
411,хорошо что не с жиденьким,0.0,0.8080772161483765,0.020342351868748665
412,что такое план личного финансирования,0.9875783920288086,0.034110426902770996,0.0
413,чем отличается умный человек от мудрого,0.0,0.14034625887870789,0.19194278120994568
414,а почему вы любите короткие вопросы,0.9496793746948242,0.0,0.275139719247818
415,тетя обучающая ненавидеть других женщин это отличный наставник,0.0,0.6001983880996704,0.30736804008483887
416,своровал,0.9416641592979431,0.0,0.0
417,иди в дом пей чай,0.9124462008476257,0.0,0.0
418,еще дела есть,0.9149109721183777,0.0,0.0
419,какие фильмы получились лучше книги,0.9219318628311157,0.5078218579292297,0.0
420,это как,0.9987257122993469,0.0,0.0019977742340415716
421,количество именитых верующих доказывает лишь то что мракобесию и зомбированию подвержены любые умы,0.7431780099868774,0.0,0.2689514458179474
422,а толку от жалости она ей не помогла кв получить были бы рядом люди как мы чтоб носом ткнули вовремя она б уже в своей хате сидела,0.2814156115055084,0.0,0.2568419873714447
423,что у меня на аватарке,0.7879412174224854,0.0,0.0
424,как стать стервой,0.9304682612419128,0.0,0.3276783227920532
425,не люблю песню выпускной ,0.0,0.9802908897399902,0.0
426,вы на встречи часто опаздываете,0.6370407938957214,0.0,0.08510905504226685
427,димочка ты просто многого не знаешь,0.4225146472454071,0.0,0.0
428,что такое природа,0.994455099105835,0.08270734548568726,0.0
429,шма ебтвоюмать,0.7186043858528137,0.0,0.0
430,не говори за всех,0.9481645226478577,0.0,0.0
431,здравствуйте,0.9173126816749573,0.0,0.0
432,кто ты,1.0000100135803223,0.0,1.0000003385357559e-05
433,вам часто деньги снятся отбиваетесь,0.44553956389427185,0.0,0.348655104637146
434,что делаете в ответ когда вас подрезают на дороге,0.8175845146179199,0.0,0.1520422399044037
435,нужны ли нам флизелиновые обои какой толк от флизелина и не опасен ли он для здоровья,0.5775054097175598,0.0,0.3140605390071869
436,черное и белое всегда борьба двух мнений борьба когда играют да и нет,0.6224693655967712,0.0,0.6001983880996704
437,как справиться с кризисом без водки,0.7431780099868774,0.0,0.0
438,как богатому пережить кризис,0.7981967926025391,0.0,0.0
439,какой для вас самый лучший способ проведения досуга с любимым человеком,0.3415925204753876,0.3702353835105896,0.0
440,если есть скорость света то есть и скорость тьмы,0.38492217659950256,0.0,0.0
441,можно ли быть независимым от собственных эмоций как это достигается,0.4301573634147644,0.3140605390071869,0.0
442,чем то принципиальным отличается порядочная женщина от порядочного мужчины,0.4301573634147644,0.21207880973815918,0.0
443,блин зачем я в такую рань проснулась,0.0,0.1778208613395691,0.8439050912857056
444,любовь женское счастье счастливый брак это про меня,0.02596735954284668,0.979677677154541,0.0
445,юля чтото пропала,0.0,0.0,0.3007555902004242
446,я все знаю,0.9916942119598389,0.02596735954284668,0.0
447,главное теперь знаешь что тебе нравится а что нет,0.4301573634147644,0.275139719247818,0.0
448,можно ли выйдя из тела смотря на небо увидеть рай,0.30736804008483887,0.3702353835105896,0.0
449,это магазин клавиатур для профессионалов,0.9659096002578735,0.0,0.02596735954284668
450,я знаю случаи когда и в этих ситуациях изменяют,0.9814634323120117,0.0,0.14415885508060455
451,неа вообще,0.1732981950044632,0.0,0.18714269995689392
452,женщина если тобой не интересуются мужчины то для чего ты существуешь,0.9755869507789612,0.0,0.0
453,достаточное количество воды может немного спасти ситуацию,0.9344051480293274,0.0,0.09010298550128937
454,современная музыка лучше или хуже музыки прошлого,0.6224693655967712,0.1294127255678177,0.0
455,и когда вы становитесь ангелочком только тогда когда что-то надо или как,0.7931159734725952,0.0,0.3140605390071869
456,какое самое русское блюдо,0.6926519870758057,0.0,0.3276783227920532
457,я прошел игру томб райдер ,0.9732507467269897,0.0,0.0
458,а ваши родители знают что вы умные и сидите на ответах,0.880807101726532,0.0,0.0
459,чего не хватает во мне чтобы стать другим,0.9073222279548645,0.0,0.2509227991104126
460,можно ли намордник одеть на карнавал вместо маски собаки,0.4843900501728058,0.4843900501728058,0.0
461,нужно ли бабушкам и дедушкам вмешиваться в воспитание внуков,0.3923468291759491,0.0,0.0
462,что делать когда нечего делать с пользой для себя,0.9553291201591492,0.0,0.320831298828125
463,чем пахнет от людей,0.839743971824646,0.0,0.3276783227920532
464,вам когда рояль надоедает выче с ним делаете,0.41490885615348816,0.0,0.3775506913661957
465,и будь ты в моем городе,0.8962613940238953,0.040855713188648224,0.0
466,с какой периодичностью нужно сканироватьмужа на вирусы,0.9836069941520691,0.0,0.09535945951938629
467,кус кус макароны -это по сути одно и тоже что еще -из одного теста так сказать,0.59267657995224,0.0,0.14034625887870789
468,да тут дело уже жо принципа дошло,0.0,0.0,0.8439050912857056
469,когда чтото успело прозойти,0.9553291201591492,0.0,0.03022458776831627
470,пропал значек с панели задач от центра обновлений виндоус как вернуть,0.4301573634147644,0.0,0.16886694729328156
471,а что вот вас раздражает в телевизоре,0.5698626637458801,0.0,0.1294127255678177
472,бери выше,0.5544804334640503,0.0,0.0
473,каким кремом для лица на ночь вы пользуетесь,0.5544804334640503,0.0,0.0
474,у него погоняло  бобер,0.7879412174224854,0.1259327530860901,0.0
475,что делать если купил трусы на три размера больше,0.8221991658210754,0.0,0.0
476,как правельно готовить картофель под чесночно-сливочным соусом,0.9763205647468567,0.0,0.048867784440517426
477,как отрастить яйса,0.9859463572502136,0.0,0.0
478,почему мужчина вечно должен женщине а что тогда она ему должна,0.29422497749328613,0.0,0.0
479,а вы дружбу сами предлагаете ил ждете когда ее вам предложат,0.812877357006073,0.0,0.16886694729328156
480,ну нет,0.9871888160705566,0.0,0.771853506565094
481,соласитесь выборы мэра судьи начальника полиции более важны чем выборы президента а их отняли,0.9790457487106323,0.0,0.1097157895565033
482,жанр какой хош,0.46102678775787354,0.0,0.3276783227920532
483,подскажите пожалуста чем лудше и эфективнее лечить гемотому,0.8872146010398865,0.0,0.0
484,а находясь в подвешенном состояние вы чем там занимаетесь,0.6370407938957214,0.0,0.0
485,у меня нет времени,0.9433575868606567,0.0,0.0
486,интересно всегда-ли образование признак ума,0.6297846436500549,0.0,0.2509227991104126
487,она бы их еще до подмышек натянула,0.3923468291759491,0.21734751760959625,0.0
488,а я помнила,1.0000100135803223,0.0,0.0
489,скажите здесь ведь можно поворачивать влево в разрыве двойной сплошной,0.91965252161026,0.0,0.07370626926422119
490,девушки почему вы считаете что футбол и рыбалка-это лучшие развлечения мужчины,0.15611489117145538,0.0,0.3007555902004242
491,а правда ли что есть салон где навсегда выпрямляют волосы,0.754925012588501,0.0,0.22271016240119934
492,на каком сайте можно онлайн сделать полис с иностранными правами,0.9896818399429321,0.0,0.02369946800172329
493,а мне казалось что я искусственный интеллект,0.6654205918312073,0.3775506913661957,0.0
494,подскажите вид боевых искусств такой как тэквандо только для самообороны,0.9886782765388489,0.03515484184026718,0.0
495,а мужа мне так и не нашли,0.9019306898117065,0.0,0.21734751760959625
496,как выличить сильную головную боль,0.5000100135803223,0.0,0.4225146472454071
497,почему так сложно хоть что то создать,0.4688006341457367,0.0,0.5544804334640503
498,евреи на украине это норма но украинцы в израиле это нонсенс,0.275139719247818,0.0,0.7931159734725952
499,а что будет если все зануды соберутся под эгидой нравоучения,0.8903042674064636,0.0,0.08510905504226685
500,это надо исправлять :,0.9956784844398499,0.0,0.0
501,какая колыбельная на ночь лучше чтоб слаще спалось,0.0,0.3415925204753876,0.0
502,о чем вы думаете перед сном,0.9763205647468567,0.0,0.0
503,кто-нибудь пропивал курс линекс если да то оказывает ли он положительный эффект для кожи,0.9579222798347473,0.0,0.0
504,возможно ли через куни подцепить болезни к примеру как спид ну или же вич очень важно шутники в сторону,0.8670457601547241,0.0,0.16886694729328156
505,а можно нескромный вопрос-кем вы работаете,0.9173126816749573,0.0,0.053413331508636475
506,ладно пойду триггерну еще серию или  и спать,0.91965252161026,0.0,0.275139719247818
507,сохраняй брак бросай все и сохраняй,0.9433575868606567,0.0,0.0
508,куда завтра пойдете чтоб расслабиться,0.9867871999740601,0.0,0.04743587225675583
509,почему на юморе так много врачей,0.29422497749328613,0.21207880973815918,0.0
510,почему общая тенденция капиталистического производства ведет не к повышению а к понижению уровня заработной платы,0.6584275364875793,0.0,0.3775506913661957
511,а сколько тебе лет,0.20182321965694427,0.0,0.0
512,а если у вас будет все-все о чем мечтаете-вы будете абсолютно счастливы,0.41490885615348816,0.14415885508060455,0.0
513,что ты понял,0.9965265989303589,0.0,0.0
514,это замечательно,0.014967083930969238,0.9845854640007019,0.0
515,тебе исполнится и ты выйдешь замуж раз и навсегда ,0.30736804008483887,0.0,0.0
516,кто возит запреты в авто где прячете,0.9946250915527344,0.0,0.09535945951938629
517,а давайте скодим и подушку удивим или вам еще рано,0.4378334879875183,0.0,0.0
518,милая а к тебе лучше ручки протягивать или член,0.6001983880996704,0.09535945951938629,0.0
519,иногда,0.9916942119598389,0.0,0.0036036029923707247
520,что не может быть по определению вашего дуального разума,0.8221991658210754,0.0,0.21734751760959625
521,позволяет ли закон россия штаты другие страны отдавать лицензионный dvd просто так не беря плату,0.3276783227920532,0.0,0.4921981394290924
522,что можно из не духовного дарить богу что вы обычно ему дарите,0.4532718360424042,0.0,0.3415925204753876
523,что делать когда из крана идет только горячая вода а холодной нет вообще,0.546748161315918,0.0,0.38492217659950256
524,а у вас был инцест,0.8221991658210754,0.0,0.0
525,кого вы себе завели,0.9724247455596924,0.0,0.08036746829748154
526,металичиские что бы шею не покусали,0.7773098945617676,0.0,0.10088862478733063
527,привет что ты умеешь расскажи о себе,0.19194278120994568,0.0,0.0
528,кстати а че у нас там с перелетами в австралию,0.6001983880996704,0.0,0.0
529,мне нравится ход твоих мыслей  милый я как раз хотела обновить гардероб,0.0,0.5312193632125854,0.0
530,сколько пальцев я показываю,0.7431780099868774,0.0,0.06009664759039879
531,каков смысл вести здоровый образ жизни и не попробовать ничего чтобы умереть здоровым,0.3140605390071869,0.0,0.0
532,интересно какие эмоции испытывает бог читая ветхий завет,0.607673168182373,0.33459946513175964,0.0
533,а как вы зарабатываете в интернете некоторые выбирают покер ставки на спорт а чем вы занимаетесь,0.8267217874526978,0.0,0.19194278120994568
534,спирт можно запивать водкой,0.59267657995224,0.0,0.0
535,у вас так бывает заходишь в вопрос и не знаешь что ответить что тогда делаете,0.9615437984466553,0.0,0.07370626926422119
536,какого хера я в чс,0.607673168182373,0.0,0.6442351341247559
537,и частенько вам приходится сожалеть о содеянном,0.9755869507789612,0.0,0.0
538,стоит ли бороться за свою любовь или молча уйти с поля боя без боя,0.6224693655967712,0.0,0.0
539,про нет сама сделалауже смешно,0.1778208613395691,0.0,0.3998216390609741
540,как сделать так чтоб пятница побыстрей прошла и наступили выходные как ускорить время,0.2814156115055084,0.0,0.20182321965694427
541,или мне ничего не поможет,0.993317186832428,0.0,0.46102678775787354
542,что будет если народ изберет президента с татуировками,0.6791887283325195,0.0,0.0
543,не проще ли убраться тогда из россии в ту страну где нет военной службы и воинской обязанности,0.839743971824646,0.0,0.1732981950044632
544,какая роскошь доступна только вам,0.44553956389427185,0.0,0.2509227991104126
545,под черны пояс белые туфли это нормально,0.91965252161026,0.0,0.08036746829748154
546,почему девушки такие когда им нужен они общаются с тобой а когда нет пользы то перестают общаться и могут даже послать,0.3775506913661957,0.0,0.3775506913661957
547,что можно делать ночью на стадионе,0.9697954058647156,0.0,0.1067005917429924
548,а может ли девушка тетя женщина тдв-шница намокнуть и получить оргазму от посещения и нахождения в тдв,0.23371636867523193,0.0,0.0
549,а вы довольны своей профессией кем хотели стать и кем стали,0.59267657995224,0.0,0.3140605390071869
550,хотел узнать правда что в америке все на кредит,0.754925012588501,0.0,0.13297423720359802
551,допустим путин не участвует в президентских выборах кто победит жириновский зюганов миронов навальный или кто,0.7310686111450195,0.0,0.3415925204753876
552,существует ли магия,0.9992778301239014,0.0,0.026769286021590233
553,флаг какого государства можно перепутать с российским,0.2814156115055084,0.0,0.20690405368804932
554,выражение и негативных эмоций,0.9697954058647156,0.14415885508060455,0.0
555,зайчики не мурчат,0.14805719256401062,0.0,0.0
556,на самолетах боишься летать,0.8311530351638794,0.21734751760959625,0.0
557,а у меня были билеты но я не смог попасть,0.0,0.0,0.5775054097175598
558,лада гранта стоит ли брать или не брать,0.8740872144699097,0.0,0.23371636867523193
559,почему оказалось что людей легче всего купить деньгами,0.33459946513175964,0.0,0.4378334879875183
560,с годами стала замечать что вкус апельсинового сока жестко ассоциируется с мартини у вас тоже так,0.4688006341457367,0.0,0.0
561,женись на поле,0.9956784844398499,0.028446035459637642,0.0
562,какую пользу организму приносит аромо баня,0.5621865391731262,0.0,0.0
563,что такое эволюция,0.9820237755775452,0.21734751760959625,0.0
564,напиться до синих помидоров это как,0.8933194279670715,0.0,0.11921291798353195
565,мы тоже так с бывшим просто дружили ,0.1732981950044632,0.0,0.3007555902004242
566,а теперь можешь все тоже самое только о себе,0.320831298828125,0.23935934901237488,0.0
567,какую справку можно получить у вас,0.8933194279670715,0.09010298550128937,0.0
568,как сделать так чтобы принося пользу обществу приносить пользу себе,0.9755869507789612,0.0,0.05835584178566933
569,а чо было то,0.2814156115055084,0.0,0.0
570,что делать если колонки подключены а на колонках кнопка не горит,0.9324633479118347,0.0,0.0
571,какой у вас любимый цвет,0.15611489117145538,0.523430347442627,0.0
572,есть здесь высокие и стройные а или токмо лысые,0.9591643214225769,0.0,0.10375863313674927
573,короче пиздец,0.0,0.0,0.9949496984481812
574,где работаешь,0.9928885698318481,0.0,0.028446035459637642
575,пошли пиво пить,0.5156299471855164,0.0,0.839743971824646
576,что можно исправить в женщине а что нет,0.5775054097175598,0.0,0.0
577,как у вас с водкой,0.8031837940216064,0.0,0.0
578,простые радости жизни,0.0,0.5078218579292297,0.0
579,я то не изза актуальности а потому что нравится,0.7310686111450195,0.0,0.1294127255678177
580,как часто вы принимаете душ ванну,0.5078218579292297,0.0,0.0
581,какой район,0.9980222582817078,0.0,0.01206377986818552
582,не рискуй,0.9850529432296753,0.0,0.029322227463126183
583,а вы чувствуете разницу между лестью и искренностью или так видно,0.9867871999740601,0.0,0.02518884465098381
584,нашла денег решила взять свежую что лучше шевроле ланос или чери амулет они из иномаврок самые бюджетные,0.0,0.22816647589206696,0.0
585,кажется курящих половина италии,0.9173126816749573,0.1294127255678177,0.0
586,а ты к себе в сон кого впускаешь,0.8991314172744751,0.0,0.0
587,потом исправим,0.8519628047943115,0.0,0.0
588,если есть возможность наловить много живых мух что с ними потом поделать,0.9304682612419128,0.0,0.0
589,что для вас значит телевизор,0.9706977605819702,0.0,0.0
590,о чем вам думать труднее всего,0.3923468291759491,0.0,0.5621865391731262
591,официальныйяблокофон же,0.997894287109375,0.0,0.10088862478733063
592,что надо сделать чтобы ничего не делать философы подскажите,0.9983615279197693,0.0,0.0695517510175705
593,что такое любовь,0.4225146472454071,0.8439050912857056,0.0
594,настроение хорошее отдыхаю еще,0.0,0.983095109462738,0.04604391008615494
595,у вас в начале беременности щимило сердце понижалось сильно ад артериальное давление,0.23371636867523193,0.3702353835105896,0.0
596,милота,0.0,0.9973783493041992,0.0
597,что такое потусторонние силы,0.9304682612419128,0.20182321965694427,0.0
598,я ваще дс не люблю может как персонажи норм но нынче фильмы перебарщивают с депресняком ладно в бетмне а когда в лиге киборга сделали уж слииишком унылым прям жесткий депресняк его гложит в каждой фразе с лицом еще такимв какойто момент фильма я просто перестал пытаться воспринимать серьезно этот перебор и уже это было смешно а не проникновенно,0.0,0.3415925204753876,0.3007555902004242
599,будут отношения с мужчиной у меня в апреле,0.20182321965694427,0.0,0.0
600,он просто за руку взял так крепко что мое сопротивление было безполезно,0.348655104637146,0.0,0.3276783227920532
601,кто оплачивает услуги адвоката в суде,0.8634016513824463,0.0,0.0
602,ооооофрай как твои дела,0.1968362182378769,0.0,0.0
603,будет ли брить строительный нож,0.5775054097175598,0.0,0.1067005917429924
604,почему некоторые реперы не поют а орут особено американцы,0.0,0.6001983880996704,0.3775506913661957
605,что вы ждете от своей дальнейшей жизни,0.6224693655967712,0.08270734548568726,0.0
606,тепепь ты хомячка,0.0,0.3007555902004242,0.0
607,когда у вас поет душа,0.9466066956520081,0.0,0.0
608,какой предмет вам нравиться или нравился в школе,0.585111141204834,0.320831298828125,0.0
609,с трудом ли верите в искренность людей когда они говорят о вас хорошее,0.6001983880996704,0.0,0.11921291798353195
610,а вы чего делаете что бы тело не потело,0.29422497749328613,0.0,0.6442351341247559
611,ладно не переживай пока я побуду твоим парнем а там чего нибудь придумаем,0.7057950496673584,0.0,0.0
612,будешь сосать,0.8774868249893188,0.0,0.0
613,как можно посмотреть чужие файлы на яндекс диске как вообще можно зайти на чужой яндекс диск,0.6791887283325195,0.14034625887870789,0.0
614,как включить принтер,0.9399233460426331,0.0,0.03733688220381737
615,моя родина ссср а у вас какая,0.0,0.1778208613395691,0.0
616,а что лучше переспать или недоесть,0.6723417043685913,0.0,0.14805719256401062
617,бота зеркало нет еще,0.8991314172744751,0.0,0.7122421860694885
618,на худой конец -это как,0.275139719247818,0.0,0.23371636867523193
619,а в чем основное различие католицизма от православия,0.6654205918312073,0.0,0.4843900501728058
620,а если мозг чешется что делать,0.9511522054672241,0.0,0.0
621,что вы умеете предчувствовать,0.538993239402771,0.0,0.30736804008483887
622,как вы думаете кто должен быть главнее в семье мужчина или женщина,0.9591643214225769,0.0,0.0
623,они числятся как участники чата но в реале их нет,0.8962613940238953,0.0,0.46102678775787354
624,несхожи племя бессмертных богов и племя людей что ходят по земле вы согласны с гомером а ведь шлиман нашел трою,0.3276783227920532,0.0,0.7057950496673584
625,при всд можно курить траву,0.9931061863899231,0.0,0.0
626,господи какой пиздец,0.0,0.0,0.9863731861114502
627,как создать фан сайт,0.9841036200523376,0.0,0.0
628,почему жены прихорашиваются только ради чужих мужчин,0.348655104637146,0.0,0.0
629,подскжите пожалуйста сильно ли расходуется трафик при онлайн игре,0.9949496984481812,0.0,0.0
630,при какой температуре сгорают человеческие кости,0.8706072568893433,0.0,0.2568419873714447
631,я начинаю проявлять заботуспамлю всякими милыми штукаминазываю забавными словами,0.0,0.5312193632125854,0.0
632,опять мне скучно,0.0,0.0,0.9697954058647156
633,а почему от любви некоторые дрожат она ж согревает,0.0,0.19194278120994568,0.6370407938957214
634,если я пойду на армейский рукопашный бой меня научат там всему,0.3415925204753876,0.0,0.20182321965694427
635,до какого возраста женщине позволительно сохранять наивность как вы думаете,0.7879412174224854,0.0,0.3557848632335663
636,чего боятся змеи скажите пожалуйста правду чего боятся змеи,0.9993003606796265,0.0,0.0
637,а все таки как отучится дрочить если такие сексуальные вопросы задают,0.5621865391731262,0.0,0.16027602553367615
638,обожаю когда со мной соглашаются,0.3702353835105896,0.8740872144699097,0.0
639,наверное по этому у меня нет друзей я эгоист,0.523430347442627,0.0,0.6001983880996704
640,как ты чем занимаешься,0.9669240117073059,0.032110705971717834,0.0
641,сегодня третий день пасхи работать нельзя еще чем займетесь,0.2509227991104126,0.0,0.0
642,можно ли закусывать немытыми огурцами,0.3775506913661957,0.0,0.0
643,как часто надо чистить напольные ковры,0.9871888160705566,0.0,0.21734751760959625
644,ты еще киберпанк не видела,0.3775506913661957,0.053413331508636475,0.0
645,где вы видели справедливость в этой жизни,0.91965252161026,0.0,0.4378334879875183
646,на скока вы похотливы,0.9450047016143799,0.0,0.04469086229801178
647,а вы умеете прощать вот так чтобы потом не припоминать и не держать где то глубоко внутри,0.6513648629188538,0.0,0.3775506913661957
648,есть ли у вас такие люди с которыми бы хотели изменить отношения на более близкие или наоборот,0.7826725244522095,0.0,0.3140605390071869
649,че делать когда кис-кис заело,0.771853506565094,0.0,0.2814156115055084
650,если женщина психиатор говорит сама на себя что я настоящая дура то кто тогда те кто к ней обращаются,0.771853506565094,0.0,0.0
651,привеееет ,0.0,0.0,0.0
652,должна ли быть женщина активной или нет,0.9124462008476257,0.0,0.0
653,как там какихто км от москвы и вы в россии,0.8175845146179199,0.0,0.08757384121417999
654,как выбрать парфюм который мне подходит,0.7773098945617676,0.0,0.0
655,что такое для вас сахар в,0.9648651480674744,0.2814156115055084,0.0
656,вы толерантны если нет то как вы можете объяснить свое неприязнь,0.9450047016143799,0.0,0.20182321965694427
657,а все-таки в какой позе лучше всего иметь совесть,0.40734341740608215,0.0,0.20690405368804932
658,кофе вы пьете со сливками или без,0.9304682612419128,0.0,0.0
659,в это трудно поверить,0.5698626637458801,0.0,0.38492217659950256
660,да пробуют все на зубок телефоны сумки обувь,0.7879412174224854,0.0,0.21734751760959625
661,что будет если я удалю в всю папку виндус с диска с,0.7122421860694885,0.0,0.0
662,что значит роковое влечение может ли оно быть положительным,0.7057950496673584,0.1778208613395691,0.0
663,что загрязняет воздух,0.8439050912857056,0.11280541121959686,0.0
664,а вы книжки вообще читаеет а какие,0.9019306898117065,0.0,0.09010298550128937
665,хорошая,0.0,1.0000100135803223,1.0000003385357559e-05
666,какой мужчина для женщин лучше умный или мудрый почему,0.0,0.0,0.16886694729328156
667,выпала пломба проглотила теперь в животе зуб вырастет,0.0,0.0,0.29422497749328613
668,а что главное в жизни королевы,0.6513648629188538,0.0,0.14805719256401062
669,вот куда проклятие надо направить,0.9921941161155701,0.0,0.0
670,ты очень близок к политическим темам и я чую желание скатиться в тудане рекомендовываю,0.7826725244522095,0.06755668669939041,0.0
671,ес бы была возможность то сколько собак у вас было и каких пород,0.8519628047943115,0.0,0.09010298550128937
672,когда на улице морозит вы ходите в валенках,0.3629792034626007,0.0,0.2568419873714447
673,куда сходить с девушкой в нижнем новгороде,0.46102678775787354,0.0,0.15611489117145538
674,тебе нравятся брутальные мужикиили хлюпики,0.585111141204834,0.0,0.13661839067935944
675,кто в самп играл,1.0000100135803223,0.0,0.004619571380317211
676,умеют ли красивые парни любить,0.0,0.812877357006073,0.06561483442783356
677,как быстро загореть стоит ли идти в солярий,0.33459946513175964,0.0,0.275139719247818
678,у меня бабушка умерла,0.0,0.0,0.546748161315918
679,ты про шлюху,0.40734341740608215,0.0,0.7826725244522095
680,вы своих начальников сильно любите,0.8670457601547241,0.0,0.0
681,зачем это,0.9553291201591492,0.0,0.7186043858528137
682,простатит инфекционная болезнь,0.7773098945617676,0.0,0.7057950496673584
683,какием образом вы боретесь с ментовским беспределом,0.7606606483459473,0.0,0.19194278120994568
684,если жена сказала -выбирай или я или пиво сколько пива запросить,0.8840492963790894,0.0,0.0
685,москва перестанет быть столицей россии когда ни будь,0.6584275364875793,0.0,0.0
686,я очень очень опечален этим фактом,0.0,0.21734751760959625,0.6513648629188538
687,от чего зависит выбор того или иного пути,0.9496793746948242,0.0,0.20182321965694427
688,как стать провайдером,0.9914325475692749,0.0,0.04604391008615494
689,слышали грефа назначили сбербанк рулить что будет как вы думаете не сдохнет сбербанк деньги не пропадут,0.0,0.0,0.8267217874526978
690,возвращать будешь,0.9908843636512756,0.0,0.0
691,ой извини,0.6297846436500549,0.0,0.0
692,нормально вчера думал что не усну а нет уснул только в путь,0.0,0.0,0.8670457601547241
693,какой грубый,0.46102678775787354,0.0,0.5544804334640503
694,кстати бревна девушки бывают изза того что партнер ладно,0.5621865391731262,0.0,0.0
695,как известно за семейное счастье надо бороться и с кем же вам приходится сражаться и какими методами если не секрет,0.6859594583511353,0.0,0.0
696,подскажите что сделать чтобы увеличить посещаемость моей страницы в контакте среди друзей,0.9966334104537964,0.0,0.07160120457410812
697,почему бессмертие не радует а конечность жизни наполняет жизнь каким-то мистическим смыслом,0.0,0.275139719247818,0.6654205918312073
698,у вас есть секрет какой,0.9637899398803711,0.03623005375266075,0.0
699,он не пишет,0.9814634323120117,0.0,0.23935934901237488
700,как вы считаете ревность полезна,0.979677677154541,0.0,0.053413331508636475
701,в библии поясняется что мировое правительство в руках сатаны почему,0.4688006341457367,0.0,0.320831298828125
702,как вы относитесь к блондинкам,0.9905974268913269,0.0,0.0
703,что такое здравый смысл,0.59267657995224,0.026769286021590233,0.0
704,как отличить физическое и юридическое лицо,0.0,0.3140605390071869,0.2689514458179474
705,вы в какого бога верите который в вас или который в библии,0.9553291201591492,0.0,0.14034625887870789
706,так что кофе несешь,0.9916942119598389,0.0,0.04604391008615494
707,норм и проезд дешевле странно,0.3998216390609741,0.0,0.0
708,а я в чат кидала,0.3557848632335663,0.0,0.23371636867523193
709,как думаете помогут ли мне приемы шотокан каратэ защититься на улице,0.3415925204753876,0.0,0.0
710,а часто ли вам снятся эротические сны,0.960371196269989,0.0,0.20690405368804932
711,браво сша,0.9783946871757507,0.0,0.0
712,вы стараетесь употреблять сырые овощи для сохранения витаминов,0.7057950496673584,0.0,0.3923468291759491
713,хороший любовник-это опыт или тех характеристики,0.1732981950044632,0.0,0.23371636867523193
714,блин думал отдыхать на азовском но придется ехать на украину,0.38492217659950256,0.0,0.6001983880996704
715,что будет если вы свой телефон дома забудете драсте кстати,0.8670457601547241,0.0,0.05501529201865196
716,ногти в ужасном состоянии что делать,0.960371196269989,0.0,0.6224693655967712
717,вы различаете верующих и людей ставших жертвами сектантов типа евангелистов кришнаитов си и харизматов,0.585111141204834,0.0,0.2509227991104126
718,а чего это я не забанилась,0.6150978803634644,0.0,0.5621865391731262
719,летом можно ходить на турник брусья а чем заниматься в холод зимой чтобы поддерживать в форме себя,0.7606606483459473,0.0,0.0
720,секс - это один из способов выражения любви,0.8354935646057129,0.0,0.0
721,можно ли наносить жидкие обои на стену покрашенную краской,0.6584275364875793,0.12253321707248688,0.0
722,я надеюсь никто не видел как я сложить не мог,0.6584275364875793,0.0,0.1067005917429924
723,запишите молекулярное полное и сокращенное ионные уравнения реакции гидроксида калия с сульфидом цинка,0.7773098945617676,0.0,0.22816647589206696
724,а какое произведение русской классики любимое у вас почему,0.20182321965694427,0.7057950496673584,0.0
725,или ты все мои ждешь,0.9124462008476257,0.04604391008615494,0.0
726,в российской думе полно депутатов украинцев к чему бы это,0.14805719256401062,0.0,0.26285186409950256
727,должна ли девушка хранить невинность до брака не вредно это для здоровья,0.1824355274438858,0.0,0.0
728,можно ли позволять детям крушить и ломать ради веселья старые и ненужные вещи,0.3629792034626007,0.0,0.23371636867523193
729,не возьму в толк,0.960371196269989,0.0,0.0
730,что делать как знакомиться если со здоровьем не очень,0.7606606483459473,0.0,0.0695517510175705
731,вы верите интуиции животных кошки нейтрализуют негативные места и лечат собаки чувствуют опасность как вы думаете они,0.8840492963790894,0.0,0.40734341740608215
732,отличного дня!,0.0,0.9416641592979431,0.0
733,для бога все мы равны и верующие и атеисты,0.8991314172744751,0.08270734548568726,0.0
734,почему мужчины предпочитают некрасивых девушек,0.275139719247818,0.0,0.0
735,какую вершину ты еще не завоевал а на какое уже стоишь а на какую даже желания нет для восхождения,0.6926519870758057,0.09010298550128937,0.0
736,поеду ли я в арабскую страну,0.33459946513175964,0.0,0.0
737,какие химические процессы происходят у анода и катода нейтральные электроды при электролизе расплава бромида натрия,0.8840492963790894,0.0,0.3415925204753876
738,как известно метрополитен является стратегическим объектом на случай войны а вы не в курсе где там туалет,0.7931159734725952,0.0,0.320831298828125
739,а вы со своей второй половинкой два сапога пара или оба на одну ногу,0.4688006341457367,0.0,0.0
740,я дальше живу,0.0,0.22271016240119934,0.0
741,а вы умеете плакать красиво,0.0,0.44553956389427185,0.0
742,может быть один человек не равен другому,0.880807101726532,0.0,0.0
743,через какое время наркоз выходит из организма,0.41490885615348816,0.0,0.0
744,кем может работать девушка на телевидении без опыта,0.9284188151359558,0.0,0.10375863313674927
745,поеду в командировку на служебном авто подскажите пожалуйста какие документы нужны для оформления командировачных,0.9732507467269897,0.0,0.06372499465942383
746,любишь колотушки ,0.9046605229377747,0.09010298550128937,0.0
747,человеческие ценности относительны как человек выбирает что назвать добром а что злом,0.9511522054672241,0.0,0.09535945951938629
748,удачи что ли пожелай,0.0,0.0,0.0
749,аромат у капитана блэка офигенный сразу отличаю как мимо кто по улице идет что это именно он,0.0,0.546748161315918,0.18714269995689392
750,запорожье это вапще котел из разных народов там чистых украинцев и русских нет вапще,0.0,0.0,0.348655104637146
751,почему мужчины так яростно хвалятся своими размерами гениталий,0.4378334879875183,0.0,0.4532718360424042
752,чего это может я судьбу свою жду,0.7186043858528137,0.14805719256401062,0.0
753,у нас всего жилых ,0.26285186409950256,0.0,0.08270734548568726
754,можно ли китайский айфон прошить и поставить ос андроид,0.880807101726532,0.0,0.06755668669939041
755,так ты и не одна,0.9450047016143799,0.0,0.031153826043009758
756,почему кроме флагманов почти все смартфоны неюзабельный хлам,0.4225146472454071,0.0,0.5078218579292297
757,у тебя свои губы,0.9748311638832092,0.0,0.0
758,кто знает что сегодня на повестке дня,0.8519628047943115,0.23935934901237488,0.0
759,а как тебя убить нежжно и прятно,0.33459946513175964,0.0,0.22271016240119934
760,легко общаетесь со всеми,0.4688006341457367,0.0,0.0
761,что вы всегда делаете на совесть,0.6224693655967712,0.0,0.2814156115055084
762,с какой разрешенной скоростью можно ехать на мотоцикле в городе,0.8031837940216064,0.3557848632335663,0.0
763,с новым мировым правопорядком обозначенным путиным евросоюз вылезет из оков сша,0.5078218579292297,0.0,0.0
764,какое место имеет секс в отношениях,0.9046605229377747,0.0,0.053413331508636475
765,а если мальчиг не понимает как ему донести мысль куда ему идти нужно,0.6442351341247559,0.0,0.0
766,зачем украинские олигархи объединяются и против кого,0.607673168182373,0.0,0.8175845146179199
767, все познается в сравнении или есть исключения,0.9883227348327637,0.0,0.03623005375266075
768,угощайтесь,0.9511522054672241,0.0,0.0
769,глянь сериал  света с того света,0.9845854640007019,0.0,0.0
770,у меня завтра экзамен по бюджетной системе рф смогу ли я сдать с первого раза,0.523430347442627,0.21734751760959625,0.0
771,как же здорово просто человеческое общение и взаимопонимание,0.0,0.5000100135803223,0.3775506913661957
772,что означает познать,0.9987257122993469,0.007825888693332672,0.0
773,что бы вы делали без ответов как жили бы без споров в категории религия,0.8354935646057129,0.0,0.15611489117145538
774,вы водку запиваете заедаете или занюхиваете,0.0,0.0,0.2568419873714447
775,так сиськами поздравлять надо ты чу,0.1778208613395691,0.0,0.0
776,поправляются ли от хлеба с семечками я съел немного но просто это же смесь жиров с углеводами,0.3276783227920532,0.0,0.5312193632125854
777,что по вашему мнению может объединять в дружбе мужчину и женщину,0.6584275364875793,0.0,0.0
778,без чего вы не можете представить свою жизнь пк телефон и т д,0.754925012588501,0.0,0.348655104637146
779,горячая вода к счастью есть,0.6150978803634644,0.812877357006073,0.0
780,ахахах да,0.0,1.0000100135803223,0.0
781,как вам нравится дверь открыта или дверь закрыта,0.7773098945617676,0.0,0.15611489117145538
782,можно ли на маскарад прийти в огуречной маске,0.275139719247818,0.5312193632125854,0.0
783,у меня уж овуляция скоро,0.8933194279670715,0.0,0.0
784,какой бланк нужен для отправки международной посылки помимо таможенной декларации,0.9591643214225769,0.0,0.02518884465098381
785,а что ты вообще умеешь что ты знаешь,0.24509501457214355,0.0,0.0
786,чем можно заболеть из-за сидячего образа жизни болели ли вы чем-нибудь,0.2509227991104126,0.0,0.7931159734725952
787,надо будет пойду,0.9995066523551941,0.0,0.016924913972616196
788,на чем основана убежденность в антропоморфности христианского бога,0.8962613940238953,0.0,0.051855459809303284
789,это где такая поздняя столовая,0.754925012588501,0.09535945951938629,0.0
790,алиночка это очень мало,0.0,0.13297423720359802,0.754925012588501
791,а с чем бы любите блинчики кушать,0.7606606483459473,0.0,0.03964884206652641
792,какой срок обжалования действий должностных лиц в арбитражный суд,0.7773098945617676,0.0,0.6150978803634644
793,по какой причине слова могут с действиями не совпадать,0.7057950496673584,0.0,0.21207880973815918
794,интересно а от кого именно независимы теперь ю осетия и абхазия,0.6513648629188538,0.320831298828125,0.0
795,что для вас основа супа,0.607673168182373,0.0,0.0
796,живу сейчас во франции а вообще родом из казахстана,0.21734751760959625,0.24509501457214355,0.0
797,дамы когда вы видите красивого и статного мужчину им хочется любоваться,0.3140605390071869,0.0,0.0
798,кстат ты там в талдыке,0.3140605390071869,0.1968362182378769,0.0
799,не смешно,0.0,0.18714269995689392,0.9960646033287048
800,както не помужски,0.998142421245575,0.0,0.08036746829748154
801,какой учитель лучше учит черный или белый,0.7826725244522095,0.1732981950044632,0.0
802,тема дня на  октября: как вы относитесь к проституции,0.9790457487106323,0.0,0.0
803,у россии одни враги,0.0,0.0,0.16886694729328156
804,я азиат а мы молодо выглядим,0.30736804008483887,0.3007555902004242,0.0
805,это лучше в гч какнить тут долго писать,0.8740872144699097,0.23371636867523193,0.0
806,ой я хз я уже  месяц не в украине,0.0,0.0,0.7826725244522095
807,быстро уговорили,0.9149109721183777,0.22816647589206696,0.0
808,а еще меня бесят идиоты,0.0,0.0,0.9241518378257751
809,ты будешь там бегать в трусах и с мечом не хочу,0.0,0.22816647589206696,0.0
810,что изучает морфология микроорганизмов,0.6297846436500549,0.0,0.16027602553367615
811,почему даже ангелы бывают падшие,0.0,0.46102678775787354,0.4688006341457367
812,что значит жить любить дружить,0.538993239402771,0.348655104637146,0.0
813, чем опасно молчание женщины,0.0,0.0,0.3629792034626007
814,что вы ощущаете отказавшись от курения очень сильного психологического наркотика,0.7879412174224854,0.0,0.06009664759039879
815,что такое общество,0.9481645226478577,0.1294127255678177,0.0
816,как вы считаете нужно покупать ребенку детское питание или лучше готовить самой,0.6926519870758057,0.0,0.22271016240119934
817,что собой представляет человек без мечты,0.4843900501728058,0.26285186409950256,0.0
818,вопрос к студентам-медикам что такое топка,0.9324633479118347,0.0,0.0
819,почему сша и европа так ненавидят сербов,0.0,0.0,0.9871888160705566
820,как можно вылечить желудок наелась лапши быстро приг посадила желудок сильно болит,0.0,0.29422497749328613,0.3276783227920532
821,как вы думаете чем закончится вторая волна коронавируса и для чего ее создают,0.754925012588501,0.0,0.40734341740608215
822,как вы думаете в чем отличие ума от разума,0.523430347442627,0.0,0.2509227991104126
823,мой любимый размер,0.09269777685403824,0.46102678775787354,0.0
824,сможет ли человек прожить без бога,0.8903042674064636,0.0,0.0
825,испортил таки тебя релакс,0.7606606483459473,0.11280541121959686,0.0
826,можно ли по анализу крови определить есть ли у человека рак чего-либо вообще,0.9073222279548645,0.0,0.16886694729328156
827,может ли дрочиво заменить секс,0.5621865391731262,0.0,0.0
828,сколько может длиться влюбленность,0.8634016513824463,0.0,0.07808816432952881
829,а пачему болит мозг,0.0,0.0,0.9808859825134277
830,ага есть такое,0.9867871999740601,0.0,0.0
831,у тебя припадки,0.754925012588501,0.0,0.0
832,в какую страну вы не поедите ни в коем случае,0.8596737384796143,0.0,0.6584275364875793
833,а что лучше выбрить лицо или мошенку,0.0,0.0,0.14805719256401062
834,жить надо как человек,0.9939124584197998,0.0191340371966362,0.0
835,что означает слово путина,0.523430347442627,0.0,0.1294127255678177
836,вы любите сказки читать слушать рассказывать не обязательно ребенку,0.9046605229377747,0.08757384121417999,0.0
837,часто ли вы действуете от противного и выигрываете,0.9511522054672241,0.0,0.14805719256401062
838,мужчины вам можно верить и почему,0.523430347442627,0.0,0.051855459809303284
839,что ты скажешь если я попрошу выйти тебя за меня замуж,0.6150978803634644,0.0,0.0
840,https:youtubewgjhdnpsq,0.9859463572502136,0.0,0.0
841,я те грил шо карту нашел,0.9241518378257751,0.0,0.0
842,как научиться круто мыслить,0.1732981950044632,0.8080772161483765,0.0
843,так и есть я ничего не вижу,0.9324633479118347,0.0,0.1824355274438858
844,это не правда что помогает,0.9263137578964233,0.13297423720359802,0.0
845,какие моменты в жизни особенно тягостны,0.771853506565094,0.07370626926422119,0.0
846,как женщине правильно культивировать женскую энергию,0.5312193632125854,0.0,0.0
847,сколько раз вам нужно сделать больно чтобы вы потеряли чувствительность,0.5775054097175598,0.0,0.40734341740608215
848,какая краска подходит для пластика если точнее какуй краской можно красить пластиковые бутылки,0.2568419873714447,0.1732981950044632,0.0
849,вы любите баню,0.9173126816749573,0.0,0.008325778879225254
850,россияне назовите русских славян правителей на руси,0.8903042674064636,0.0,0.04743587225675583
851,никто не может сказать точно что тако зло,0.9433575868606567,0.0,0.287777841091156
852,самое лутше это плов с казы,0.7490972280502319,0.0,0.14805719256401062
853,для чего нужны мобы в игре,1.0000100135803223,0.0,0.014073628932237625
854,если человек считает себя богом значит он дурак,0.7606606483459473,0.0,0.0
855,как выживают люди у которых нет верных друзей,0.9669240117073059,0.0,0.10088862478733063
856,а много денег человеку бог посылает или деньгами его противник распоряжается как к богатым правильно относиться,0.6723417043685913,0.0,0.0
857,какое лучше вино белое или красное,0.0,0.7310686111450195,0.07370626926422119
858,как вы думаете загар в период беременности вреден для здоровья,0.3557848632335663,0.0,0.0
859,очень красивые фотки в стограме,0.7371681928634644,0.5078218579292297,0.0
860,как подружиться с девушками,0.40734341740608215,0.0,0.0
861,ну восстанавливается потихоньку вот поел на ужин риса с печенной рыбой яйцо вареное чай хурма и персик,0.3415925204753876,0.0,0.0
862,а если мужчине все равно что мне подарить можно его попросить вымыть все окна в доме,0.4765896201133728,0.0,0.0
863,как в рф осуществляется связь между народом и властью,0.880807101726532,0.0,0.08510905504226685
864,чем отличается характер от души,0.1294127255678177,0.1097157895565033,0.0
865,как вы понимаете выражение рай в душе,0.7931159734725952,0.16027602553367615,0.0
866,каким иностранным языком вы владеете,0.7122421860694885,0.0,0.0
867,если аборт убийство то минет людоедство,0.5312193632125854,0.0,0.8479777574539185
868,что для вас важнее телевизор или холодильник,0.9890230894088745,0.0,0.06372499465942383
869,что вы спокойно переносите почему как считаете,0.38492217659950256,0.0,0.20182321965694427
870,я думаю ты поняла о чем я,0.9496793746948242,0.0,0.0
871,а какую терку взять чтоб ему все оттереть,0.7663036584854126,0.0,0.16027602553367615
872,а ты чего,0.9994397163391113,0.0,0.0
873,что вы тут,0.9990402460098267,0.0,0.0
874,пересдавать гиа сложно или нет по математике,0.7248802781105042,0.0,0.1520422399044037
875,ты не в моей вот и бесишься,0.7931159734725952,0.0,0.21207880973815918
876,нууу итакой не был и вовсе,0.0,0.1778208613395691,0.4301573634147644
877,а есть кто подходит,0.9740526676177979,0.0,0.0
878,в ноябре будет,0.960371196269989,0.0,0.0
879,у меня тоже дедлайны горят ,0.8221991658210754,0.0,0.0
880,какого цвета хамелеон когда он смотрится в зеркало,0.9381340146064758,0.04337579756975174,0.0
881,как-узнать что у тебя болят почки,0.5544804334640503,0.0,0.14034625887870789
882,кем быть лучше сильным или умным и почему,0.1732981950044632,0.0,0.19194278120994568
883,что нужно сделать чтобы мозги заработали,0.9496793746948242,0.0,0.04337579756975174
884,какие качества вы цените в женщине,0.5621865391731262,0.0,0.0
885,я его спрашиваю а нахрен я ей нужен она вон какая крутая все при себе,0.0,0.0,0.1968362182378769
886,сочувствую я вообще часа два поспала,0.4532718360424042,0.0,0.0
887,как забрать сапоги если в них мусор,0.8221991658210754,0.0,0.0
888,а к вам нужен особый подход и с какой стороны интересно,0.880807101726532,0.0,0.09269777685403824
889,как правильнее вести при ядерной войне спрятаться в подвал и медленно умирать или выйти на улицу и умереть мгновенно,0.5775054097175598,0.0,0.20690405368804932
890,я же с вредной общаюсь еще с утки,0.15611489117145538,0.0,0.2689514458179474
891,как попасть на службу в спецназ гру,0.7310686111450195,0.0,0.1294127255678177
892,на бп топовом нет доп питания cpu что делать,0.8706072568893433,0.0,0.23935934901237488
893,как добиться регулярных месячных без задержек что принимать,0.9433575868606567,0.0,0.056662432849407196
894,для вас уход за собой это работа или хобби,0.9883227348327637,0.0,0.04743587225675583
895,как вы относитесь к ношению бороды верующими как лев без гривы это львица так и мужик без бороды-девица,0.5544804334640503,0.0,0.0
896,ему делать мне замечание а не тебе,0.20690405368804932,0.0,0.538993239402771
897,а голые биокарлики,0.8634016513824463,0.0,0.0
898,а к чему ревновать то,0.9970290064811707,0.0,0.0
899,почему мужчины так боятся влюбиться по настоящему,0.5000100135803223,0.0,0.0
900,а када у вас ночью за стенкой ох и ах вы в стенку стучите вам завидно,0.7879412174224854,0.0,0.3007555902004242
901,как бы так есть вкусно но не толстеть,0.24509501457214355,0.3702353835105896,0.0
902,у кого дружба крепче у женщин или мужчин,0.607673168182373,0.0,0.0
903,а что будет делать блондинка если цвет ее авто не совпал с цветом лака ногтей,0.7663036584854126,0.0,0.0
904,какого цвета равнодушие,0.9908843636512756,0.0,0.008325778879225254
905,да вкусный,0.014073628932237625,0.9951046109199524,0.0
906,так а нахуя выходить вообще,0.0,0.0,0.6859594583511353
907,люди с похожими характерами долго живут вместе почему,0.546748161315918,0.0,0.09535945951938629
908,а в чем мудрость мужчины,0.9149109721183777,0.0,0.07370626926422119
909,кто считал что жизнь вредна а потом изменил свое мнение почему,0.6992644667625427,0.0,0.4301573634147644
910,ну смотри например родит те будет  в школу пойдет ребенок те будет,0.5698626637458801,0.0,0.0
911,кто желает со мной на недельку в кардиологию отдохнуть одной скучно,0.19194278120994568,0.0,0.23935934901237488
912,сегодня день здоровья зарядку хоть сделали,0.0,0.09010298550128937,0.0
913,какаши не приставай,0.754925012588501,0.0,0.0
914,я помогу,0.9989450573921204,0.020974241197109222,0.0
915,как изменить логин,0.9990989565849304,0.0,0.007587242405861616
916,почему восточные варвары не приняли демократических ценностей бонапарта,0.8634016513824463,0.0,0.1294127255678177
917,я думала она такая же как и я,0.0,0.275139719247818,0.0
918,у кого в моче быди эритроциты опасно ли это,0.546748161315918,0.0,0.320831298828125
919,я пока сюда скину но могу поставить хеш фото,0.8221991658210754,0.0,0.16886694729328156
920,а может ли большое количество цифровых каналов в телевизоре влиять на скорость его реагирования на команды с пульта,0.46102678775787354,0.0,0.3998216390609741
921,возможно ли в нашей жизни любить человека совершенной любовью агапи ваше мнение,0.7490972280502319,0.23371636867523193,0.0
922,иксия осень при выкопке вижу от луковиц отходят белые толстенькие клубеньки как у георгин что это их удалять,0.4843900501728058,0.0,0.1824355274438858
923,здесь демократия большинству эта идея не зашла,0.9790457487106323,0.0,0.22271016240119934
924,как поздравить тетю с рождением ребенка че сказать что написать что подарить,0.09269777685403824,0.0,0.0
925,китай заболел самоубийством что дальше будет,0.3702353835105896,0.0,0.33459946513175964
926,знание законов природы освобождает от алиментов,0.8933194279670715,0.0,0.10088862478733063
927,все украинцы у кого родственники проживают в россии потенциальные агенты кремля и стоят на особом учете в сбу,0.3702353835105896,0.0,0.30736804008483887
928,вы любите рыбу как часто покупаете,0.771853506565094,0.0,0.07160120457410812
929,что лучше очки или линзы,0.3775506913661957,0.4921981394290924,0.0
930,а вы часто понты давите если да то перед кем и зачем,0.8991314172744751,0.0,0.538993239402771
931,арбуз или дыня что вкуснее,0.20690405368804932,0.0,0.0
932,могут ли быть феноменальные способности без таланта,0.9859463572502136,0.07370626926422119,0.0
933,если бы люди прекратили любить и верить в бога то бог бы перестал существовать,0.38492217659950256,0.0,0.2689514458179474
934,почему все люди не могут быть вместе,0.3629792034626007,0.0,0.24509501457214355
935,а то шо,0.6297846436500549,0.0,0.0
936,что такое семья почему она держится,0.40734341740608215,0.1824355274438858,0.0
937,что такое messagebox,0.9648651480674744,0.1732981950044632,0.0
938,а что делать если муха утонула в пиве,0.8031837940216064,0.0,0.0
939,что есть хуй,0.320831298828125,0.0,0.4765896201133728
940,могу пожелать удачи только,0.0,0.0,0.0
941,зачем познакомимся,0.9841036200523376,0.0,0.06561483442783356
942,я даже не пробовала только из охотничьих ружей,0.4532718360424042,0.0,0.21207880973815918
943,от олеся вериго:конечно такой интересный это ты у нас работаешь и имеешь постоянный доход,0.4301573634147644,0.3702353835105896,0.0
944,будет ли у меня в жизни любовь настоящяя и любит ли меня парень о ком думаб леша,0.0,0.3629792034626007,0.21734751760959625
945,волнистый попугайчик очень активно линяет это нормально весной понятно летом линял они что круглый год линяют,0.16886694729328156,0.607673168182373,0.0
946,чем температуру сбивать если держиться долго,0.7606606483459473,0.0,0.09269777685403824
947,я помню что мы не друзья не ссы,0.9802908897399902,0.0,0.07808816432952881
948,является ли библия словом бога,0.1968362182378769,0.0,0.33459946513175964
949,город засыпает,0.1778208613395691,0.7606606483459473,0.0
950,как правильнее всего хранить верность,0.6442351341247559,0.0,0.2689514458179474
951,че нужно сделать с женщиной что бы она не скучала,0.16886694729328156,0.0,0.38492217659950256
952,по какому телефону надо звонить чтобы желания исполнились,0.9525841474533081,0.0,0.056662432849407196
953,я плохо знаю бурятский мой первый и родной язык  русский,0.4765896201133728,0.348655104637146,0.0
954,сам как,0.994455099105835,0.0,0.0
955,станцуй,0.9978272914886475,0.0,0.0
956,кто людям нужней хирург или стоматолог,0.9381340146064758,0.0,0.14415885508060455
957,протестантизм более логичен,0.9659096002578735,0.0,0.44553956389427185
958,он как бы смесь среднего и тяжелого танка,0.538993239402771,0.0,0.0
959,почему девки не дают,0.1968362182378769,0.0,0.7606606483459473
960,а вы спокойно спите или деретесь во сне,0.13661839067935944,0.0,0.0
961,надеюсь не на нее,0.5000100135803223,0.0,0.0
962,а я не хочу в туалет,0.0,0.2814156115055084,0.0
963,на чем зиждется уверенность верующих в правильности трактовок переносного смысла во всяких священных писаниях,0.8740872144699097,0.0,0.0
964,маги а вот вдова это карьера женщины или пока просто технический вопрос,0.9284188151359558,0.0,0.09269777685403824
965,а вам во сне когда нибудь хотелось спать,0.4921981394290924,0.0,0.0
966,любовь помогает убить время время помогает убить любовь,0.2568419873714447,0.0,0.7310686111450195
967,есть ли что-то такое что вы хотели бы потерять навсегда или кого-то,0.44553956389427185,0.0,0.44553956389427185
968,чо делать если пароль скомпромпроментирован,0.9679093360900879,0.0,0.0
969,на что смотрят мужчины ясно а вот что женщины оценивают в мужчинах,0.8221991658210754,0.0,0.0
970,можно ли перекисью водорода протирать золотые серьги с брильянтом,0.4301573634147644,0.0,0.0
971,а самолетом в ленинград обязательно через баню лететь,0.546748161315918,0.10375863313674927,0.0
972,мне кажется все универсальное,0.0,0.0,0.523430347442627
973,а ты ум честь или совесть нации,0.9099169969558716,0.0,0.5078218579292297
974,это вторжение повторяю понимаешь чем это пахнет,0.7122421860694885,0.585111141204834,0.0
975,кто твой разработчик и как его зовут,0.8774868249893188,0.0,0.0
976,бейсболка круче,0.21207880973815918,0.3702353835105896,0.0
977,а ты как-нибудь связан с миром искусства,0.9715740084648132,0.0,0.0
978,не сомневаюсь,0.7490972280502319,0.0,0.0
979,кем работать с туристическим образованием,0.9903015494346619,0.0,0.06009664759039879
980,ночью долго не спал думал интересно если одновременно съесть таблетки от запора и от поноса то кто победит,0.5544804334640503,0.0,0.0
981,хихи ну удачи,0.0,0.19194278120994568,0.0
982,вредно ли заводить машину ключом зажигания,0.0,0.0,0.4688006341457367
983,ты что то же слушаешь pink floyd,0.8519628047943115,0.0,0.0
984,нихуя не понятно так отрывками только,0.5621865391731262,0.0,0.6297846436500549
985,можно ли получать энергию от удара молнии,0.6992644667625427,0.46102678775787354,0.0
986,ваши любовники вам изменяют,0.9992306232452393,0.0,0.0
987,как прикинуться шизой что надо для этого говорить врачу,0.5312193632125854,0.0,0.20690405368804932
988,как человеку спасти самого себя от глупости,0.41490885615348816,0.0,0.0
989,нравится ли нам молодому поколению старая музыка как вам ю антонов,0.1294127255678177,0.4688006341457367,0.0
990,какие у вас на данный момент проблемы,0.5698626637458801,0.0,0.14034625887870789
991,можно ли сменить ветпаспорт собаке,0.8267217874526978,0.1520422399044037,0.0
992,почему думаешь,0.6723417043685913,0.0,0.21207880973815918
993,вы считаете что любовь это тайна,0.7879412174224854,0.0,0.0
994,влюблен в девушку по имени вера означает ли это что ей можно верить,0.7663036584854126,0.0,0.0
995,как вы относитесь к службе в армии,0.9073222279548645,0.0,0.0
996,а незаметно сколько жидкости вы можете поглотить за вечер,0.7122421860694885,0.0,0.14034625887870789
997,как вы понимаете что такое духовность,0.523430347442627,0.0,0.22271016240119934
998,существуют ли инопланетяни,0.9903015494346619,0.0,0.09269777685403824
999,чем вы можете накормить,0.9924327731132507,0.0,0.0
